Player,Position,Market_pick,VORP,Draft_score,Board_observations,Model_rank,VORP_rank,Base_live_score
Christian McCaffrey,RB,7.67,11.806841286141422,174.2665157441115,1070,1.0,1.0,3.305295673949218
Bijan Robinson,RB,1.5,9.664016155195728,148.14139026132418,283,2.0,3.0,2.7532989893935964
Puka Nacua,WR,3.21,10.464833905109876,147.14519849539033,755,3.0,2.0,2.8059236622784307
Jahmyr Gibbs,RB,1.67,9.36450165391224,140.91142456676377,298,4.0,4.0,2.6207137699474696
Jonathan Taylor,RB,9.33,8.99084310665238,136.6679317262784,863,5.0,5.0,2.4982748478038737
Jaxon Smith-Njigba,WR,4.69,8.40659034282371,125.4241580838841,453,6.0,6.0,2.298512897759041
De'Von Achane,RB,16.33,7.975871041731581,124.681645712898,1437,7.0,7.0,2.207562705800169
Ja'Marr Chase,WR,1.67,7.072570781465243,107.4906134085278,102,8.0,9.0,1.9278149704807384
Trey McBride,TE,19.47,7.244798277445083,105.5675585442976,1658,9.0,8.0,1.8531303190739072
James Cook,RB,10.17,6.142372861085777,104.97845802392634,503,10.0,11.0,1.7767164278938508
Amon-Ra St. Brown,WR,5.64,6.442672371442738,99.82367974521914,82,11.0,10.0,1.745409342162711
Rashee Rice,WR,22.15,5.937330548311008,93.9549350176897,1563,12.0,12.0,1.556326618579206
Chase Brown,RB,12.0,4.687458226032163,87.80557527019155,383,13.0,16.0,1.3889562310660089
Josh Allen,QB,25.86,4.76270503411671,86.03732493305864,1643,14.0,15.0,1.321512366955644
Derrick Henry,RB,26.17,4.972696514718916,85.27546608849258,1513,15.0,13.0,1.328550646161969
Keidron Smith,DB,136.0,4.541576481920809,84.1498860484148,8400,16.0,18.0,0.8869337641879921
Chris Olave,WR,20.57,4.430246013862174,80.91997850189503,869,17.0,19.0,1.2356938798984285
Cam Skattebo,RB,54.84,4.188960310571941,80.39902160170438,3911,18.0,21.0,1.0857001674307334
George Pickens,WR,19.88,4.60351826918861,79.479558892676,289,19.0,17.0,1.233073713911355
Josh Jacobs,RB,42.83,4.312825455378654,78.96895420295267,2229,20.0,20.0,1.118506302744804
Javonte Williams,RB,27.83,3.677237579227608,78.7416258495715,641,21.0,24.0,1.1099498950085562
Kyren Williams,RB,32.17,3.9989629169058247,76.79240677404877,902,22.0,22.0,1.095829236947215
Omarion Hampton,RB,15.67,3.3934553666576903,75.25702376761696,5,23.0,26.0,1.0763526662295675
Kemon Hall,DB,136.0,4.772190719301666,73.46100850013856,8400,24.0,14.0,0.7532350106687743
Travis Etienne,RB,46.0,3.2349549297337905,72.42117822144306,1984,25.0,28.0,0.9142467821408512
Drake Maye,QB,39.19,2.4450260779451654,69.52156662258832,1234,26.0,36.0,0.8241418528512923
Matthew Stafford,QB,104.67,2.5642935609121658,65.94775651386716,9078,27.0,33.0,0.5531594177736309
Brock Purdy,QB,93.5,2.822310653373002,65.67148065033287,8369,28.0,31.0,0.6119543940915159
D'Andre Swift,RB,57.0,2.905604139371361,64.97934139941657,2141,29.0,29.0,0.7378109818704999
Bucky Irving,RB,57.86,2.4842696275702494,64.25785513774274,1720,30.0,34.0,0.6859071757856886
Trevor Lawrence,QB,77.0,2.2446442314801835,62.18757746682678,4004,31.0,38.0,0.5668100404063089
Tucker Kraft,TE,65.33,3.693755536096587,60.78127545816801,2048,32.0,23.0,0.7196627064344099
Patrick Mahomes,QB,94.83,2.4047365679811072,60.26625523342709,5441,33.0,37.0,0.4909379909072204
Davante Adams,WR,50.67,3.629640320201009,58.72159719472173,302,34.0,25.0,0.7355188674867581
Tykee Smith,DB,136.8,1.8999999999999984,58.09045232304164,5301,131.10000000000002,27.0,0.3900197059406588
Jaylen Warren,RB,75.93,2.0118014486843574,57.02303238104296,1843,36.0,42.0,0.4745648988844241
Zay Flowers,WR,29.37,2.4739391518690965,55.36581304120863,7,37.0,35.0,0.6563666046263719
Jarvis Brownlee,DB,136.0,2.681142341454673,53.97430885626659,4817,38.0,32.0,0.2803782720376754
Breece Hall,RB,27.0,1.754852923717623,53.876131171534894,9,39.0,44.0,0.5775309536901122
Chamarri Conner,DB,161.55,2.8862193552148065,51.55204557377502,4611,40.0,30.0,0.1742265510968019
Kenny Gainwell,RB,101.59,1.5915787864431064,51.25940518539209,405,41.0,46.0,0.2626117203135913
Garrett Wilson,WR,30.29,2.0900507915916187,49.05475122391398,4,42.0,41.0,0.5267508731623983
Malik Nabers,WR,28.55,2.1665236161106254,48.47695520751905,92,43.0,39.0,0.5314779425402337
Rico Dowdle,RB,88.55,1.391606918743518,47.39954096838769,221,44.0,49.0,0.2343204708728994
Wan'Dale Robinson,WR,87.71,1.5288558133853734,45.90788245952107,952,45.0,47.0,0.2281994362342749
Quinshon Judkins,RB,60.99,0.6132021605667166,45.046201845703536,79,46.0,61.0,0.226099935064244
Caleb Williams,QB,68.07,0.4877098449147752,44.91315593462878,167,47.0,66.0,0.1878433288270748
Rhamondre Stevenson,RB,81.99,1.4516112802238137,44.42347362883273,458,48.0,48.0,0.2197664497372676
Justin Herbert,QB,70.0,0.5942487971741137,44.2084362501146,79,49.0,62.0,0.1805777571524535
Jalen Hurts,QB,56.94,0.8648596647300977,44.098881706916615,234,50.0,57.0,0.2495774750740996
Keisean Nixon,DB,171.8,2.14170818804698,43.553085019144,1,51.0,40.0,-0.045512149440883
Kyle Pitts,TE,82.88,1.6712943272651373,43.29420678920346,182,52.0,45.0,0.2203317110890019
TreVeyon Henderson,RB,53.83,0.8481921570593087,42.478972299859294,17,53.0,58.0,0.2355364091671717
Dak Prescott,QB,77.67,0.4467565257332033,40.40587190402901,20,54.0,68.0,0.0851190940967315
RJ Harvey,RB,92.56,0.8693488126920812,40.234691032569295,86,55.0,56.0,0.0688622824980415
Tee Higgins,WR,34.77,1.901129099262306,39.43463482758706,4,56.0,43.0,0.3545064547089169
Michael Wilson,WR,90.53,0.9353755102890862,38.322302894977305,126,57.0,55.0,0.0543354446226849
Quentin Johnston,WR,88.0,1.2711382826821396,38.004920417659314,803,58.0,50.0,0.089262879273165
Harold Fannin,TE,76.95,1.1317379816320958,37.37323634081351,67,59.0,53.0,0.1062361264393488
Christian Watson,WR,56.57,1.1680019864726656,37.3682269397959,217,60.0,52.0,0.1810965058025741
Sam LaPorta,TE,82.49,1.2273800051773982,34.74446087300719,39,61.0,51.0,0.0574358012536254
Tetairoa McMillan,WR,33.7,0.5792095384065306,34.52830629881452,2,62.0,63.0,0.1666468378229213
Jameson Williams,WR,53.5,0.9423996305128136,33.649783105426295,384,63.0,54.0,0.1174751918628551
Tony Pollard,RB,80.67,0.0,31.87405280339416,516,64.0,71.0,-0.0896905975229712
Tyler Warren,TE,53.48,0.5142280953505214,31.33745021927216,24,65.0,65.0,0.0450106024735247
Courtland Sutton,WR,85.42,0.8338345558884726,30.37177263289891,172,66.0,59.0,-0.0520642313266752
Rome Odunze,WR,59.12,0.2248341031266783,30.01764500351333,108,67.0,69.0,-0.0203173855416393
Jaxson Dart,QB,93.33,-0.8127906856042699,29.56808294194635,22,68.0,105.0,-0.2417138188835607
DK Metcalf,WR,78.2,0.5278765832424668,28.306751710513925,771,69.0,64.0,-0.0844954230003266
Jaylen Waddle,WR,37.67,0.1943597530972365,28.20626823042564,17,70.0,70.0,0.0260654036754944
Travis Kelce,TE,98.33,0.6741595641007123,26.60265832602916,4,71.0,60.0,-0.1665658049093111
Michael Pittman,WR,83.42,-0.1075827728607627,24.029275416341434,629,72.0,101.0,-0.2227341655700147
Emeka Egbuka,WR,35.67,-0.4627557515075633,23.765393721779155,3,73.0,103.0,-0.0911399845408062
Joe Burrow,QB,45.77,-0.8086193622720259,23.56390220001508,9,74.0,104.0,-0.1611047791963857
Jayden Daniels,QB,49.78,-1.3481448774372993,23.24756298246874,5,75.0,110.0,-0.2289961813635768
Lamar Jackson,QB,32.31,-0.9194658138676566,22.237679692983328,2,76.0,106.0,-0.1431112641733635
Jalen Redmond,DL,246.0,0.4822334841897939,20.78403282683301,1200,77.0,67.0,-0.7872875713188803
Parker Washington,WR,69.78,-1.0246264487601078,17.74765894300922,470,78.0,107.0,-0.3493909468295818
Anquin Barnes,DL,136.0,0.0,17.677999999999997,9,79.0,71.0,-0.4896538397734836
Anthony Lucas,DL,136.0,0.0,17.677999999999997,3,79.0,71.0,-0.4896538397734836
Brandon Cleveland,DL,136.0,0.0,17.677999999999997,62,79.0,71.0,-0.4896538397734836
Bryce Ganious,DL,136.0,0.0,17.677999999999997,47,79.0,71.0,-0.4896538397734836
Cameron Robertson,DL,136.0,0.0,17.677999999999997,62,79.0,71.0,-0.4896538397734836
DJ Dale,DL,136.0,0.0,17.677999999999997,11,79.0,71.0,-0.4896538397734836
Damonic Williams,DL,136.0,0.0,17.677999999999997,7,79.0,71.0,-0.4896538397734836
Desmond Little,DL,136.0,0.0,17.677999999999997,16,79.0,71.0,-0.4896538397734836
Domonique Orange,DL,136.0,0.0,17.677999999999997,77,79.0,71.0,-0.4896538397734836
Gabe Jacas,DL,136.0,0.0,17.677999999999997,70,79.0,71.0,-0.4896538397734836
Jack Pyburn,DL,136.0,0.0,17.677999999999997,66,79.0,71.0,-0.4896538397734836
Jaxson Moi,DL,136.0,0.0,17.677999999999997,1200,79.0,71.0,-0.4896538397734836
Jonah Tavai,DL,136.0,0.0,17.677999999999997,6,79.0,71.0,-0.4896538397734836
Joshua Josephs,DL,136.0,0.0,17.677999999999997,81,79.0,71.0,-0.4896538397734836
LT Overton,DL,136.0,0.0,17.677999999999997,59,79.0,71.0,-0.4896538397734836
Laki Tasi,DL,136.0,0.0,17.677999999999997,10,79.0,71.0,-0.4896538397734836
MJ Anderson,DL,136.0,0.0,17.677999999999997,1200,79.0,71.0,-0.4896538397734836
Nyjalik Kelly,DL,136.0,0.0,17.677999999999997,72,79.0,71.0,-0.4896538397734836
Patrick Jenkins,DL,136.0,0.0,17.677999999999997,9,79.0,71.0,-0.4896538397734836
Peter Woods,DL,136.0,0.0,17.677999999999997,1200,79.0,71.0,-0.4896538397734836
R Mason Thomas,DL,136.0,0.0,17.677999999999997,1200,79.0,71.0,-0.4896538397734836
TJ Parker,DL,136.0,0.0,17.677999999999997,67,79.0,71.0,-0.4896538397734836
Tommy Dunn,DL,136.0,0.0,17.677999999999997,62,79.0,71.0,-0.4896538397734836
Travis Shaw,DL,136.0,0.0,17.677999999999997,8,79.0,71.0,-0.4896538397734836
VJ Anthony,DL,136.0,0.0,17.677999999999997,337,79.0,71.0,-0.4896538397734836
Wesley Williams,DL,136.0,0.0,17.677999999999997,54,79.0,71.0,-0.4896538397734836
Zane Durant,DL,136.0,0.0,17.677999999999997,5,79.0,71.0,-0.4896538397734836
Malachi Moore,DB,125.0,0.0,16.452401915532807,128,106.0,71.0,-0.4687370891561779
Terry McLaurin,WR,44.33,-0.3986329181313657,16.20747539502542,3,107.0,102.0,-0.2251372245601639
Kyle Hamilton,DB,118.8,2.8999999999999986,15.049620136714095,1071,110.1,71.0,-0.4866896830913528
Marvin Harrison,WR,69.8,-1.264493046956897,10.968574195683445,18,109.0,109.0,-0.4694803859623833
Carson Wentz,QB,55.0,-3.0913014710594187,10.328257712018944,3,110.0,142.0,-0.593389018947446
Mike Evans,WR,50.33,-1.1217492917639245,8.18810938740465,73,111.0,108.0,-0.4282831052624081
Michael Pratt,QB,51.0,-3.019108632228868,5.295548076240789,6,112.0,119.0,-0.6456009944025679
Athan Kaliakmanis,QB,82.0,-3.019108632228868,5.019395714642903,19,113.0,119.0,-0.758546909313094
Kyle McCord,QB,78.0,-3.019108632228868,4.619025123134044,6,114.0,119.0,-0.7502850147788848
Diego Pavia,QB,80.0,-3.019108632228868,4.578712683228217,3,115.0,119.0,-0.7578975122054489
Behren Morton,QB,83.5,-3.019108632228868,4.5105322718641805,16,116.0,119.0,-0.7711851262641783
Jalon Daniels,QB,86.4,-3.019108632228868,4.4561709786772,44,117.0,119.0,-0.7821640136513806
Luke Altmyer,QB,87.0,-3.019108632228868,4.445151859784021,19,118.0,119.0,-0.7844322063115311
Rocky Lombardi,QB,71.0,-3.019108632228868,4.168743312973243,1,119.0,119.0,-0.7322022813889661
Kurtis Rourke,QB,81.0,-3.019108632228868,3.9589328471842897,6,120.0,119.0,-0.7703841740231875
Cam Miller,QB,86.5,-3.019108632228868,3.854329155076451,17,121.0,119.0,-0.7912279843434679
Brian Thomas,WR,77.84,-1.7389983004538951,3.816413160386126,15,122.0,111.0,-0.644561832119026
Joey Aguilar,QB,90.5,-3.019108632228868,3.7823505124443786,21,123.0,119.0,-0.8063278124945122
DJ Uiagalelei,QB,93.5,-3.019108632228868,3.730424509012468,5,124.0,119.0,-0.8176228914124473
Dorian Thompson-Robinson,QB,88.0,-3.019108632228868,3.4669544465688755,16,125.0,119.0,-0.8021074773672225
Sam Howell,QB,66.0,-3.019108632228868,3.445018046106912,12,126.0,119.0,-0.7251069517484746
Tommy DeVito,QB,59.6,-3.019108632228868,3.0074268664592423,12,127.0,119.0,-0.7089491783408618
Sam Hartman,QB,83.33,-3.019108632228868,2.9537772957686474,6,128.0,119.0,-0.7931239326264937
Desmond Ridder,QB,90.5,-3.019108632228868,2.9423505124443787,17,129.0,119.0,-0.8184880190175267
Hendon Hooker,QB,70.33,-3.019108632228868,2.743840174643285,1,130.0,119.0,-0.7504751137767919
Stetson Bennett,QB,82.5,-3.019108632228868,2.489716315075968,10,131.0,119.0,-0.7969248813329181
Bailey Zappe,QB,91.0,-3.019108632228868,2.3335777281291143,7,132.0,119.0,-0.8290581087124876
Sam Ehlinger,QB,75.0,-3.019108632228868,2.2814745517353074,1,133.0,119.0,-0.7735810413750518
Derek Carr,QB,53.0,-3.019108632228868,1.994299897281792,8,134.0,119.0,-0.7004202204543287
Case Keenum,QB,86.33,-3.019108632228868,1.2174615240239597,12,135.0,119.0,-0.8288029727919715
Jordan Addison,WR,99.83,-1.9911691931320163,-0.1349081945919938,1,136.0,112.0,-0.8020504635274275
Chuba Hubbard,RB,86.83,-2.464546861597832,-2.1835456153629305,184,137.0,113.0,-0.829204003100705
TJ Harden,RB,86.5,-2.6838470997992694,-2.9083170530571643,33,138.0,115.0,-0.8585423060238891
Kentrel Bullock,RB,99.6,-2.6838470997992694,-3.612853458514157,3,139.0,115.0,-0.9147808885107952
Jonathon Brooks,RB,86.67,-2.6838470997992694,-3.751443271943305,24,140.0,115.0,-0.871345226996902
Josh Downs,WR,85.44,-2.891586919127615,-8.299218958717853,85,141.0,118.0,-0.9518093797636844
Chris Godwin,WR,81.74,-2.532876070948088,-10.363673576383276,39,142.0,114.0,-0.935967937450332
Jordyn Tyson,WR,67.67,-3.667866241678104,-11.707588071528882,1,143.0,143.0,-1.00951564276493
Makai Lemon,WR,89.67,-3.667866241678104,-12.15579758242243,129,144.0,143.0,-1.0933222057384804
Noah Thomas,WR,95.8,-3.667866241678104,-12.26108779295764,109,145.0,143.0,-1.1163900632404231
Trebor Pena,WR,96.33,-3.667866241678104,-12.749872449107007,26,146.0,143.0,-1.1253285861911546
Miles Kitselman,TE,81.33,-4.175845871593966,-21.18817609889832,6,147.0,147.0,-1.2411094168356471
Jalin Conyers,TE,91.33,-4.175845871593966,-21.372821098192023,13,148.0,147.0,-1.2789270031962614
Jaheim Bell,TE,88.33,-4.175845871593966,-22.27964050129501,7,149.0,147.0,-1.281511141119345
Noah Togiai,TE,81.0,-4.175845871593966,-22.62170230710159,9,150.0,147.0,-1.2607019964281587
Khalil Dinkins,TE,85.33,-4.175845871593966,-23.30462214083722,2,151.0,147.0,-1.2858058471356697
Ross Travis,TE,77.0,-4.175845871593966,-23.501064503183898,1,152.0,147.0,-1.2593741933634772
Myles Garrett,DL,104.0,3.8,0.0,v9.36 external 2026 IDP consensus fallback,92.6,,0.0
Aidan Hutchinson,DL,116.0,2.96,0.0,v9.36 external 2026 IDP consensus fallback,107.12,,0.0
Maxx Crosby,DL,112.0,3.24,0.0,v9.36 external 2026 IDP consensus fallback,102.28,,0.0
Will Anderson Jr.,DL,124.0,2.3999999999999995,0.0,v9.36 external 2026 IDP consensus fallback,116.8,,0.0
Brian Burns,DL,120.0,2.679999999999999,0.0,v9.36 external 2026 IDP consensus fallback,111.96,,0.0
Nick Bosa,DL,148.0,0.7199999999999998,0.0,v9.36 external 2026 IDP consensus fallback,145.84,,0.0
Danielle Hunter,DL,128.0,2.12,0.0,v9.36 external 2026 IDP consensus fallback,121.64,,0.0
T.J. Watt,DL,136.0,1.5599999999999996,0.0,v9.36 external 2026 IDP consensus fallback,131.32,,0.0
Josh Hines-Allen,DL,,,0.0,v9.36 external 2026 IDP consensus fallback,,,0.0
Jeffery Simmons,DL,164.0,-0.4000000000000003,0.0,v9.36 external 2026 IDP consensus fallback,164.0,,0.0
Trey Hendrickson,DL,152.0,0.4399999999999995,0.0,v9.36 external 2026 IDP consensus fallback,150.68,,0.0
Brian Branch,DB,111.6,3.299999999999999,0.0,v9.37 external 2026 fantasy-IDP DB consensus fallback,101.7,,0.0
Nick Emmanwori,DB,115.2,3.1,0.0,v9.37 external 2026 fantasy-IDP DB consensus fallback,105.9,,0.0
Derwin James,DB,122.4,2.7,0.0,v9.37 external 2026 fantasy-IDP DB consensus fallback,114.3,,0.0
Nick Cross,DB,126.0,2.4999999999999982,0.0,v9.37 external 2026 fantasy-IDP DB consensus fallback,118.5,,0.0
Jessie Bates,DB,129.6,2.299999999999999,0.0,v9.37 external 2026 fantasy-IDP DB consensus fallback,122.7,,0.0
Antoine Winfield Jr.,DB,133.2,2.0999999999999988,0.0,v9.37 external 2026 fantasy-IDP DB consensus fallback,126.9,,0.0
Cooper DeJean,DB,140.4,1.6999999999999993,0.0,v9.37 external 2026 fantasy-IDP DB consensus fallback,135.3,,0.0
Devon Witherspoon,DB,144.0,1.4999999999999991,0.0,v9.37 external 2026 fantasy-IDP DB consensus fallback,139.5,,0.0
DeShon Elliott,DB,147.6,1.299999999999999,0.0,v9.37 external 2026 fantasy-IDP DB consensus fallback,143.7,,0.0
Xavier McKinney,DB,151.2,1.0999999999999988,0.0,v9.37 external 2026 fantasy-IDP DB consensus fallback,147.9,,0.0
Budda Baker,DB,154.8,0.8999999999999986,0.0,v9.37 external 2026 fantasy-IDP DB consensus fallback,152.10000000000002,,0.0
Julian Love,DB,158.4,0.6999999999999993,0.0,v9.37 external 2026 fantasy-IDP DB consensus fallback,156.3,,0.0
Christian Gonzalez,DB,180.0,-0.5000000000000018,0.0,v9.37 external 2026 fantasy-IDP DB consensus fallback,180.0,,0.0
Sauce Gardner,DB,186.0,-1.1000000000000003,0.0,v9.37 external 2026 fantasy-IDP DB consensus fallback,186.0,,0.0
Pat Surtain II,DB,186.0,-1.1000000000000003,0.0,v9.37 external 2026 fantasy-IDP DB consensus fallback,186.0,,0.0
Denzel Ward,DB,186.0,-1.1000000000000003,0.0,v9.37 external 2026 fantasy-IDP DB consensus fallback,186.0,,0.0
Micah Parsons,DL,160.0,-0.1200000000000001,,,160.0,,
Andrew Van Ginkel,DL,132.0,1.839999999999999,,,126.48,,
Nik Bonitto,DL,140.0,1.2799999999999994,,,136.16,,
Tuli Tuipulotu,DL,144.0,0.9999999999999992,,,141.0,,
CeeDee Lamb,WR,10.5,6.6,104.0,750,9.0,10.0,1.82
Justin Jefferson,WR,13.0,6.1,98.0,750,12.0,12.0,1.65
Ashton Jeanty,RB,14.5,5.5,94.0,750,14.0,14.0,1.52
Saquon Barkley,RB,14.0,5.8,97.0,750,13.0,13.0,1.6
Brock Bowers,TE,20.5,6.4,99.0,750,11.0,11.0,1.72
Drake London,WR,18.5,5.2,89.0,750,16.0,15.0,1.43
Kenneth Walker III,RB,18.6,5.3,91.0,750,15.0,14.0,1.47
A.J. Brown,WR,22.0,4.8,84.0,750,18.0,16.0,1.31
Nico Collins,WR,25.0,4.6,81.0,750,19.0,17.0,1.25
DeVonta Smith,WR,44.0,3.7,70.0,700,27.0,23.0,0.9
Bo Nix,QB,63.0,1.55,53.0,700,40.0,30.0,1.1
Colston Loveland,TE,46.0,5.8,91.0,950,14.0,13.0,1.62
Ladd McConkey,WR,40.0,3.9,72.0,900,25.0,22.0,0.98
Jeremiyah Love,RB,24.0,4.408855462586593,82.75181044952306,0,20.74012973204242,21.80603765866369,1.2479759650709112
David Montgomery,RB,54.0,2.292796590547893,59.73573737122008,0,35.63069582662463,40.125908822014935,0.6096879014243629
Bhayshul Tuten,RB,58.0,2.524967495344636,63.2463208847926,0,31.22759766941748,35.94333198781579,0.6765150651253456
Carnell Tate,WR,65.0,-1.284250249959424,13.064047249453012,0,97.9376111220792,103.07465508287956,-0.4257489201709764
Harold Fannin Jr.,TE,68.0,-0.2537503059762595,19.64700058030868,0,89.1089121432828,83.34258854460882,-0.265304532717191
Jadarian Price,RB,74.0,0.3724170938913806,35.15730342840099,0,68.73545372719308,66.56954771911586,-0.0076360700936551
George Kittle,TE,84.0,-1.6554376428062492,5.125889570017682,0,107.8030714094671,102.6605773070531,-0.6353318769690148
KC Concepcion,WR,91.0,-0.6093030918006646,20.860860374866927,0,87.45605786416087,85.31923871042744,-0.3379400280996313
Jayden Reed,WR,95.0,-2.25746817525953,2.138913126337571,0,121.71846720130344,116.31273913166578,-0.7758260236138983
Dalton Kincaid,TE,105.0,-2.154066499581732,-1.593736930814366,0,116.4869119549044,110.85417088110395,-0.8075747062869257
Isaiah Likely,TE,110.0,-2.329798525222323,-3.5363286706196817,0,119.39455587098207,113.93327878361522,-0.8536225327778053
Matthew Golden,WR,116.0,-2.489304026883136,-1.2169759013807235,0,129.0811465635568,120.9059901046925,-0.8488359277625909
Jayden Higgins,WR,113.0,-2.692281672441853,-3.624416076545031,0,133.66441787214524,124.75088806630797,-0.904435773460744
Kenyon Sadiq,TE,161.0,-2.3436703065023927,-3.552702538723012,0,119.3773212283097,114.1720548270286,-0.85702762495432
DJ Moore,WR,48.2,2.55,54.5,900,38.0,34.0,0.68
Luther Burden III,WR,54.0,2.75,57.5,900,35.0,31.0,0.74
J.K. Dobbins,RB,80.0,1.55,52.0,0,41.0,46.0,0.36
James Cook III,RB,11.0,5.5,80.0,0,11.44,11.22,0.9319
Travis Etienne Jr.,RB,32.0,4.58,80.0,0,33.28,32.64,0.77924
Marvin Harrison Jr.,WR,65.0,2.625,70.513,0,67.6,66.3,0.47143
Brian Thomas Jr.,WR,73.0,2.185,66.773,0,75.92,74.46,0.40133
Jakobi Meyers,WR,81.0,1.745,63.033,0,84.24,82.62,0.33124
Kyle Pitts Sr.,TE,89.0,0.35,52.995,0,97.56,90.78,0.13381
Blake Corum,RB,90.0,1.1,58.15,0,93.6,91.8,0.23238
Alec Pierce,WR,91.0,1.195,58.358,0,94.64,92.82,0.24362
Patrick Mahomes II,QB,93.0,0.315,50.958,0,104.72,94.86,0.12343
Michael Pittman Jr.,WR,95.0,0.975,56.488,0,98.8,96.9,0.20857
Xavier Worthy,WR,99.0,0.755,54.617,0,102.96,100.98,0.17352
Chris Godwin Jr.,WR,101.0,0.645,53.683,0,105.04,103.02,0.156
Mark Andrews,TE,102.0,-0.3,47.21,0,111.08,104.04,0.02857
Kyle Monangai,RB,105.0,0.2,50.8,0,109.2,107.1,0.09095
Kenneth Gainwell,RB,106.0,0.14,50.31,0,110.24,108.12,0.08152
Jordan Love,QB,107.0,-0.315,45.042,0,119.28,109.14,0.01943
Kyler Murray,QB,110.0,-0.45,43.775,0,122.4,112.2,-0.00286
Jordan Mason,RB,114.0,-0.34,46.39,0,118.56,116.28,0.0061
Aaron Jones Sr.,RB,116.0,-0.46,45.41,0,120.64,118.32,-0.01276
Tyler Shough,QB,117.0,-0.765,40.818,0,129.68,119.34,-0.05486
Jared Goff,QB,118.0,-0.81,40.395,0,130.72,120.36,-0.06229
Baker Mayfield,QB,119.0,-0.855,39.973,0,131.76,121.38,-0.06971
Malik Willis,QB,121.0,-0.945,39.127,0,133.84,123.42,-0.08457
Rachaad White,RB,122.0,-0.82,42.47,0,126.88,124.44,-0.06933
Jake Ferguson,TE,123.0,-1.35,37.865,0,132.92,125.46,-0.14143
Jalen Coker,WR,124.0,-0.62,42.93,0,128.96,126.48,-0.04552
Dallas Goedert,TE,125.0,-1.45,36.975,0,135.0,127.5,-0.15762
Chris Rodriguez Jr.,RB,126.0,-1.06,40.51,0,131.04,128.52,-0.10705
Keaton Mitchell,RB,128.0,-1.18,39.53,0,133.12,130.56,-0.1259
Romeo Doubs,WR,129.0,-0.895,40.593,0,134.16,131.58,-0.08933
Khalil Shakir,WR,130.0,-0.95,40.125,0,135.2,132.6,-0.0981
Sam Darnold,QB,132.0,-1.44,34.48,0,145.28,134.64,-0.16629
C.J. Stroud,QB,133.0,-1.485,34.057,0,146.32,135.66,-0.17371
Tyrone Tracy Jr.,RB,134.0,-1.54,36.59,0,139.36,136.68,-0.18248
Jalen McMillan,WR,136.0,-1.28,37.32,0,141.44,138.72,-0.15067
Jacory Croskey-Merritt,RB,137.0,-1.72,35.12,0,142.48,139.74,-0.21076
Isiah Pacheco,RB,138.0,-1.78,34.63,0,143.52,140.76,-0.22019
Daniel Jones,QB,139.0,-1.755,31.522,0,152.56,141.78,-0.21829
Oronde Gadsden II,TE,140.0,-2.2,30.3,0,150.6,142.8,-0.27905
Hunter Henry,TE,141.0,-2.25,29.855,0,151.64,143.82,-0.28714
Rashid Shaheed,WR,142.0,-1.61,34.515,0,147.68,144.84,-0.20324
Omar Cooper Jr.,WR,143.0,-1.665,34.047,0,148.72,145.86,-0.212
Jauan Jennings,WR,144.0,-1.72,33.58,0,149.76,146.88,-0.22076
Deebo Samuel Sr.,WR,145.0,-1.775,33.113,0,150.8,147.9,-0.22952
Brenton Strange,TE,146.0,-2.5,27.63,0,156.84,148.92,-0.32762
Brian Robinson Jr.,RB,147.0,-2.32,30.22,0,152.88,149.94,-0.30505
Woody Marks,RB,148.0,-2.38,29.73,0,153.92,150.96,-0.31448
Brandon Aubrey,K,149.0,0.568,27.776,0,179.96,151.98,0.07716
Denzel Boston,WR,150.0,-2.05,30.775,0,156.0,153.0,-0.27333
Chig Okonkwo,TE,151.0,-2.75,25.405,0,162.04,154.02,-0.3681
Calvin Ridley,WR,152.0,-2.16,29.84,0,158.08,155.04,-0.29086
Stefon Diggs,WR,153.0,-2.215,29.372,0,159.12,156.06,-0.29962
Juwan Johnson,TE,154.0,-2.9,24.07,0,165.16,157.08,-0.39238
Ryan Flournoy,WR,157.0,-2.435,27.503,0,163.28,160.14,-0.33467
Jalen Nailor,WR,158.0,-2.49,27.035,0,164.32,161.16,-0.34343
Cam Ward,QB,159.0,-2.655,23.073,0,173.36,162.18,-0.36686
Bryce Young,QB,160.0,-2.7,22.65,0,174.4,163.2,-0.37429
Tre Tucker,WR,162.0,-2.71,25.165,0,168.48,165.24,-0.37848
Ka'imi Fairbairn,K,164.0,0.448,23.936,0,195.56,167.28,0.03973
Jerry Jeudy,WR,166.0,-2.93,23.295,0,172.64,169.32,-0.41352
T.J. Hockenson,TE,167.0,-3.55,18.285,0,178.68,170.34,-0.49762
Tyjae Spears,RB,168.0,-3.58,19.93,0,174.72,171.36,-0.50305
Cam Little,K,169.0,0.408,22.656,0,200.76,172.38,0.02726
Dalton Schultz,TE,170.0,-3.7,16.95,0,181.8,173.4,-0.5219
Germie Bernard,WR,171.0,-3.205,20.958,0,177.84,174.42,-0.45733
Pat Freiermuth,TE,172.0,-3.8,16.06,0,183.88,175.44,-0.5381
Tank Bigsby,RB,173.0,-3.88,17.48,0,179.92,176.46,-0.55019
Isaac TeSlaa,WR,174.0,-3.37,19.555,0,180.96,177.48,-0.48362
Fernando Mendoza,QB,175.0,-3.375,16.312,0,190.0,178.5,-0.48571
Aaron Rodgers,QB,176.0,-3.42,15.89,0,191.04,179.52,-0.49314
Tyler Allgeier,RB,177.0,-4.12,15.52,0,184.08,180.54,-0.5879
Jason Myers,K,178.0,0.336,20.352,0,210.12,181.56,0.0048
Dylan Sampson,RB,179.0,-4.24,14.54,0,186.16,182.58,-0.60676
Cameron Dicker,K,180.0,0.32,19.84,0,212.2,183.6,-0.00019
Alvin Kamara,RB,181.0,-4.36,13.56,0,188.24,184.62,-0.62562
Sean Tucker,RB,182.0,-4.42,13.07,0,189.28,185.64,-0.63505
Jacoby Brissett,QB,183.0,-3.735,12.933,0,198.32,186.66,-0.54514
Adonai Mitchell,WR,184.0,-3.92,14.88,0,191.36,187.68,-0.57124
Kaytron Allen,RB,185.0,-4.5,12.05,0,192.4,188.7,-0.65
Terrance Ferguson,TE,186.0,-4.5,9.83,0,198.44,189.72,-0.65143
Jonah Coleman,RB,187.0,-4.5,11.61,0,194.48,190.74,-0.65286
Cooper Kupp,WR,188.0,-4.14,13.01,0,195.52,191.76,-0.60629
Gunnar Helm,TE,189.0,-4.5,9.17,0,201.56,192.78,-0.65571
Travis Hunter,WR,190.0,-4.25,12.075,0,197.6,193.8,-0.62381
Antonio Williams,WR,191.0,-4.305,11.607,0,198.64,194.82,-0.63257
De'Zhaun Stribling,WR,192.0,-4.36,11.14,0,199.68,195.84,-0.64133
Tre Harris,WR,193.0,-4.415,10.672,0,200.72,196.86,-0.6501
Greg Dulcich,TE,194.0,-4.5,8.07,0,206.76,197.88,-0.66286
Jordan James,RB,195.0,-4.5,9.85,0,202.8,198.9,-0.66429
Emanuel Wilson,RB,196.0,-4.5,9.63,0,203.84,199.92,-0.66571
Samaje Perine,RB,197.0,-4.5,9.41,0,204.88,200.94,-0.66714
Braelon Allen,RB,198.0,-4.5,9.19,0,205.92,201.96,-0.66857
Ray Davis,RB,200.0,-4.5,8.75,0,208.0,204.0,-0.67143
Cade Otton,TE,201.0,-4.5,6.53,0,214.04,205.02,-0.67286
DJ Giddens,RB,204.0,-4.5,7.87,0,212.16,208.08,-0.67714
Tank Dell,WR,205.0,-4.5,7.65,0,213.2,209.1,-0.67857
Zach Charbonnet,RB,206.0,-4.5,7.43,0,214.24,210.12,-0.68
Pat Bryant,WR,207.0,-4.5,7.21,0,215.28,211.14,-0.68143
Kayshon Boutte,WR,208.0,-4.5,6.99,0,216.32,212.16,-0.68286
Jaylin Noel,WR,209.0,-4.5,6.77,0,217.36,213.18,-0.68429
Jaydon Blue,RB,210.0,-4.5,6.55,0,218.4,214.2,-0.68571
MarShawn Lloyd,RB,211.0,-4.5,6.33,0,219.44,215.22,-0.68714
Mike Washington Jr.,RB,212.0,-4.5,6.11,0,220.48,216.24,-0.68857
Zachariah Branch,WR,214.0,-4.5,5.67,0,222.56,218.28,-0.69143
Keenan Allen,WR,216.0,-4.5,5.23,0,224.64,220.32,-0.69429
Troy Franklin,WR,217.0,-4.5,5.01,0,225.68,221.34,-0.69571
Justice Hill,RB,218.0,-4.5,4.79,0,226.72,222.36,-0.69714
Devaughn Vele,WR,219.0,-4.5,4.57,0,227.76,223.38,-0.69857
Dontayvion Wicks,WR,220.0,-4.5,4.35,0,228.8,224.4,-0.7
Malik Washington,WR,221.0,-4.5,4.13,0,229.84,225.42,-0.70143
Christian Kirk,WR,222.0,-4.5,3.91,0,230.88,226.44,-0.70286
Mike Gesicki,TE,223.0,-4.5,1.69,0,236.92,227.46,-0.70429
AJ Barner,TE,224.0,-4.5,1.47,0,237.96,228.48,-0.70571
Tua Tagovailoa,QB,225.0,-4.5,0.25,0,242.0,229.5,-0.70714
Rashod Bateman,WR,226.0,-4.5,3.03,0,235.04,230.52,-0.70857
Malachi Fields,WR,227.0,-4.5,2.81,0,236.08,231.54,-0.71
Emmett Johnson,RB,228.0,-4.5,2.59,0,237.12,232.56,-0.71143
Jalen Tolbert,WR,229.0,-4.5,2.37,0,238.16,233.58,-0.71286
Kendrick Bourne,WR,230.0,-4.5,2.15,0,239.2,234.6,-0.71429
Nicholas Singleton,RB,231.0,-4.5,1.93,0,240.24,235.62,-0.71571
Andrei Iosivas,WR,232.0,-4.5,1.71,0,241.28,236.64,-0.71714
Mack Hollins,WR,233.0,-4.5,1.49,0,242.32,237.66,-0.71857
Najee Harris,RB,234.0,-4.5,1.27,0,243.36,238.68,-0.72
Colby Parkinson,TE,235.0,-4.5,-0.95,0,249.4,239.7,-0.72143
Darnell Mooney,WR,236.0,-4.5,0.83,0,245.44,240.72,-0.72286
Geno Smith,QB,237.0,-4.5,-2.39,0,254.48,241.74,-0.72429
David Njoku,TE,238.0,-4.5,-1.61,0,252.52,242.76,-0.72571
Chimere Dike,WR,239.0,-4.5,0.17,0,248.56,243.78,-0.72714
Jack Bech,WR,240.0,-4.5,-0.05,0,249.6,244.8,-0.72857
Marvin Mims Jr.,WR,241.0,-4.5,-0.27,0,250.64,245.82,-0.73
Ted Hurst,WR,242.0,-4.5,-0.49,0,251.68,246.84,-0.73143
Demond Claiborne,RB,243.0,-4.5,-0.71,0,252.72,247.86,-0.73286
Tyreek Hill,WR,244.0,-4.5,-0.93,0,253.76,248.88,-0.73429
Chris Bell,WR,245.0,-4.5,-1.15,0,254.8,249.9,-0.73571
Kalif Raymond,WR,246.0,-4.5,-1.37,0,255.84,250.92,-0.73714
Darnell Washington,TE,247.0,-4.5,-3.59,0,261.88,251.94,-0.73857
Kaelon Black,RB,248.0,-4.5,-1.81,0,257.92,252.96,-0.74
Deshaun Watson,QB,249.0,-4.5,-5.03,0,266.96,253.98,-0.74143
Tory Horton,WR,250.0,-4.5,-2.25,0,260.0,255.0,-0.74286
Eddy Pineiro,K,251.0,-0.248,1.664,0,286.04,256.02,-0.17735
Evan Engram,TE,252.0,-4.5,-4.69,0,267.08,257.04,-0.74571
Ty Johnson,RB,253.0,-4.5,-2.91,0,263.12,258.06,-0.74714
Chris Brooks,RB,254.0,-4.5,-3.13,0,264.16,259.08,-0.74857
Michael Mayer,TE,255.0,-4.5,-5.35,0,270.2,260.1,-0.75
Darius Slayton,WR,256.0,-4.5,-3.57,0,266.24,261.12,-0.75143
Jahan Dotson,WR,257.0,-4.5,-3.79,0,267.28,262.14,-0.75286
Joshua Palmer,WR,258.0,-4.5,-4.01,0,268.32,263.16,-0.75429
Marquise Brown,WR,259.0,-4.5,-4.23,0,269.36,264.18,-0.75571
Tyler Loop,K,260.0,-0.32,-0.64,0,295.4,265.2,-0.19981
Dawson Knox,TE,261.0,-4.5,-6.67,0,276.44,266.22,-0.75857
Kimani Vidal,RB,262.0,-4.5,-4.89,0,272.48,267.24,-0.76
Caleb Douglas,WR,263.0,-4.5,-5.11,0,273.52,268.26,-0.76143
Chris Boswell,K,264.0,-0.352,-1.664,0,299.56,269.28,-0.20979
KaVontae Turpin,WR,265.0,-4.5,-5.55,0,275.6,270.3,-0.76429
Will Reichard,K,266.0,-0.368,-2.176,0,301.64,271.32,-0.21478
Elic Ayomanor,WR,267.0,-4.5,-5.99,0,277.68,272.34,-0.76714
Elijah Arroyo,TE,268.0,-4.5,-8.21,0,283.72,273.36,-0.76857
Skyler Bell,WR,269.0,-4.5,-6.43,0,279.76,274.38,-0.77
Tez Johnson,WR,270.0,-4.5,-6.65,0,280.8,275.4,-0.77143
Jake Bates,K,271.0,-0.408,-3.456,0,306.84,276.42,-0.22726
Keon Coleman,WR,272.0,-4.5,-7.09,0,282.88,277.44,-0.77429
Xavier Legette,WR,273.0,-4.5,-7.31,0,283.92,278.46,-0.77571
Jaylen Wright,RB,274.0,-4.5,-7.53,0,284.96,279.48,-0.77714
Noah Gray,TE,275.0,-4.5,-9.75,0,291.0,280.5,-0.77857
Brashard Smith,RB,276.0,-4.5,-7.97,0,287.04,281.52,-0.78
Cole Kmet,TE,278.0,-4.5,-10.41,0,294.12,283.56,-0.78286
Kirk Cousins,QB,281.0,-4.5,-12.07,0,300.24,286.62,-0.78714
Tyquan Thornton,WR,282.0,-4.5,-9.29,0,293.28,287.64,-0.78857
James Conner,RB,283.0,-4.5,-9.51,0,294.32,288.66,-0.79
Treylon Burks,WR,284.0,-4.5,-9.73,0,295.36,289.68,-0.79143
Tyler Higbee,TE,285.0,-4.5,-11.95,0,301.4,290.7,-0.79286
Isaiah Davis,RB,286.0,-4.5,-10.17,0,297.44,291.72,-0.79429
Brandon Aiyuk,WR,288.0,-4.5,-10.61,0,299.52,293.76,-0.79714
Shedeur Sanders,QB,289.0,-4.5,-13.83,0,308.56,294.78,-0.79857
Harrison Butker,K,291.0,-0.568,-8.576,0,327.64,296.82,-0.27716
Harrison Mevis,K,294.0,-0.592,-9.344,0,330.76,299.88,-0.28465
Trevor Etienne,RB,295.0,-4.5,-12.15,0,306.8,300.9,-0.80714
Chase McLaughlin,K,296.0,-0.608,-9.856,0,332.84,301.92,-0.28964
Eli Stowers,TE,298.0,-4.5,-14.81,0,314.92,303.96,-0.81143
Ollie Gordon II,RB,299.0,-4.5,-13.03,0,310.96,304.98,-0.81286
Elijah Sarratt,WR,300.0,-4.5,-13.25,0,312.0,306.0,-0.81429
Ja'Kobi Lane,WR,,,0.0,V6.59 rosterable identity repair,999.0,999.0,0.0
Derrick Brown,DL,,,0.0,V6.59 rosterable identity repair,999.0,999.0,0.0
Byron Young,DL,,,0.0,V6.59 rosterable identity repair,999.0,999.0,0.0
Deion Burks,WR,,,0.0,V6.59 rosterable identity repair,999.0,999.0,0.0
Malik Davis,RB,,,0.0,V6.59 rosterable identity repair,999.0,999.0,0.0
Kaleb Johnson,RB,,,0.0,V6.59 rosterable identity repair,999.0,999.0,0.0
Kamari Lassiter,DB,,,0.0,V6.59 rosterable identity repair,999.0,999.0,0.0
Cyrus Allen,WR,,,0.0,V6.59 rosterable identity repair,999.0,999.0,0.0
Trey Smack,K,,,0.0,V6.59 rosterable identity repair,999.0,999.0,0.0
Javon Bullard,DB,,,0.0,V6.59 rosterable identity repair,999.0,999.0,0.0
